elapsed_min,loss,loss_alignment,loss_disagreement,loss_kl,loss_seg,lr,step,val_dice,val_ged,val_iou,val_uncertainty_corr,val_uncertainty_mae
0.5149380445480347,366442.65625,0.0,0.0,0.00018720811931416392,366442.65625,0.0001,1,0.03114052239109662,1.067156784990776,0.016914751228698063,0.0013334542881495953,0.9812174838688645
2.425460958480835,6323.18408203125,0.0,0.0,15.184830665588379,6307.9990234375,0.0001,1000,0.3442410059018787,0.39062469404793443,0.27505418621131056,0.5503566420608859,0.021309924757737075
4.364568936824798,7174.533203125,0.0,0.0,12.330520629882812,7162.20263671875,0.0001,2000,0.3434155400116077,0.3846982876150169,0.2717735167178585,0.5101903446387831,0.024795460289720832
6.295751086870829,4076.947509765625,0.0,0.0,11.264825820922852,4065.6826171875,0.0001,3000,0.3378944368735824,0.3495859435107525,0.2634752827329426,0.5378511810018025,0.0231892092567455
8.228848377863565,3786.873046875,0.0,0.0,8.543506622314453,3778.32958984375,0.0001,4000,0.31450972454452886,0.36180952278034706,0.245196981193488,0.5378586982890287,0.023348480874716457
10.149806793530782,4317.54150390625,0.0,0.0,9.150983810424805,4308.390625,0.0001,5000,0.29787035650943683,0.33359491884246023,0.22347642925014227,0.5509089555239076,0.021913398088531252
12.087140532334645,3516.28955078125,0.0,0.0,10.745576858520508,3505.5439453125,0.0001,6000,0.3251910939164501,0.3796053941412193,0.25377689938006937,0.5397381921202729,0.02154428721242012
14.018179988861084,2837.05419921875,0.0,0.0,10.594500541687012,2826.459716796875,0.0001,7000,0.3202012510117582,0.3840337969450602,0.25028658518450103,0.5317683589765906,0.02284232863798416
15.946055368582408,3017.4208984375,0.0,0.0,9.148536682128906,3008.2724609375,0.0001,8000,0.3315851271188888,0.35321420511570517,0.25957090400373467,0.5219441469364701,0.025010912180763734
17.87084357738495,3884.833251953125,0.0,0.0,9.923038482666016,3874.91015625,0.0001,9000,0.3277782488097663,0.37846523347129096,0.2568443056391216,0.5189900924123738,0.025689633674961663
19.79805703560511,3297.3974609375,0.0,0.0,8.811813354492188,3288.585693359375,0.0001,10000,0.33008823056261954,0.3539005539265508,0.2576904366938598,0.5002781510942335,0.030868622548088462
21.74366023937861,2399.493408203125,0.0,0.0,6.362688064575195,2393.130615234375,0.0001,11000,0.303109537682211,0.3737072913317061,0.2361618340286096,0.48087140870975864,0.030687898133189322
23.67026762564977,2875.466064453125,0.0,0.0,7.091010093688965,2868.375,0.0001,12000,0.29357593309308655,0.37436380250381635,0.2277984211409293,0.4961975571627068,0.030063268724815875
25.59886914094289,4196.189453125,0.0,0.0,6.819554328918457,4189.3701171875,0.0001,13000,0.30168187906334676,0.34926071935419495,0.23280292595507668,0.48185389489578734,0.039510230339266365
27.516250769297283,2764.2392578125,0.0,0.0,5.861233711242676,2758.3779296875,0.0001,14000,0.3051094145517717,0.3661307595005234,0.23856223625203155,0.4816779406399025,0.03591835971036622
29.431941183408103,3538.381103515625,0.0,0.0,5.606161117553711,3532.77490234375,0.0001,15000,0.30889666611766364,0.35883222343854715,0.2414044294268338,0.4870272408244304,0.03510972289113833
31.34754867553711,2701.876220703125,0.0,0.0,5.134485244750977,2696.74169921875,0.0001,16000,0.2884377048569671,0.36871611724124986,0.22330582027410148,0.4993878538107625,0.029696773373177467
33.26942663987477,2020.0047607421875,0.0,0.0,5.260746002197266,2014.7440185546875,0.0001,17000,0.2981494219079307,0.3718937098012424,0.2310931333731373,0.5022733702983793,0.028744908329146147
35.199256086349486,3621.9443359375,0.0,0.0,5.397128105163574,3616.547119140625,0.0001,18000,0.2982959177600111,0.38070976016179836,0.23313247582583005,0.48392327571309307,0.035756707392288097
37.11492791573207,1588.3642578125,0.0,0.0,4.996389389038086,1583.367919921875,0.0001,19000,0.2960164975812584,0.36550875345919365,0.22923029329940164,0.48425356762851013,0.03237498968798056
39.03718506495158,1676.5526123046875,0.0,0.0,5.51792049407959,1671.03466796875,0.0001,20000,0.29925112221828465,0.3656876886880289,0.2322201167831617,0.4928838469373076,0.03076973863294637
40.96854639848073,1561.16455078125,0.0,0.0,5.166511058807373,1555.998046875,0.0001,21000,0.31242754173529735,0.3742888175595832,0.2436399829873516,0.508145760575017,0.02802901188431731
42.8906706015269,2012.442138671875,0.0,0.0,5.03482723236084,2007.4073486328125,0.0001,22000,0.32062710196389793,0.3557657097089225,0.24996870914157532,0.5031452691718151,0.03385778032282972
44.80587586561839,2400.54736328125,0.0,0.0,4.665346145629883,2395.882080078125,0.0001,23000,0.27203716319379406,0.3592306698964139,0.2048005307502844,0.5444570427168592,0.027617077795392377
46.71920362313588,3618.03466796875,0.0,0.0,5.051906108856201,3612.982666015625,0.0001,24000,0.25236020085995625,0.33898834042852694,0.18865521497202645,0.5522365259179393,0.032179831158242675
48.64219481945038,3089.997802734375,0.0,0.0,5.004322052001953,3084.993408203125,0.0001,25000,0.2984583537857558,0.3092031902133365,0.2319752590538649,0.589268566914225,0.021002023155593987
50.572628494103746,3082.043212890625,0.0,0.0,4.224754810333252,3077.818359375,0.0001,26000,0.3124854318329796,0.28991578257944134,0.24428673935758877,0.5724271913876552,0.039223479233688935
52.49227244456609,2827.572021484375,0.0,0.0,4.224120140075684,2823.347900390625,0.0001,27000,0.2742707040683321,0.2958521043533287,0.20933763748683856,0.5788016692981667,0.02945182487228161
54.40605175495148,3271.337158203125,0.0,0.0,4.51975679397583,3266.8173828125,0.0001,28000,0.34110533918548536,0.2833096603000498,0.2709012666226601,0.6070352465334918,0.02208672949584688
56.34030966758728,3164.15771484375,0.0,0.0,5.2304606437683105,3158.92724609375,0.0001,29000,0.3464212485712053,0.28366938538778297,0.2740064509913251,0.6103397731292373,0.022554057536539714
58.25951772530873,3133.279541015625,0.0,0.0,4.346090316772461,3128.933349609375,0.0001,30000,0.32223785918612186,0.29011614614333964,0.2543204388620705,0.6017393519801334,0.02726765587793666
60.18373872836431,3475.19189453125,0.0,0.0,4.085658073425293,3471.106201171875,0.0001,31000,0.3487167538449709,0.2778792420941854,0.27935844413711897,0.5909207579840037,0.028459295340146865
62.11317046880722,1811.385498046875,0.0,0.0,4.129454612731934,1807.256103515625,0.0001,32000,0.31980873281528416,0.2821392287215302,0.2500958298864306,0.5986784795849893,0.030563988309040266
64.02832235097885,2692.158447265625,0.0,0.0,4.248898983001709,2687.90966796875,0.0001,33000,0.348558720342276,0.2816058754812194,0.2821879761298053,0.6216092065938921,0.02032689017738901
65.9295518318812,2941.15234375,0.0,0.0,4.249820709228516,2936.902587890625,0.0001,34000,0.26851582916927946,0.2893655205586226,0.21239130950371524,0.6017293524636038,0.02847018093559975
67.84462765455245,2540.2490234375,0.0,0.0,4.567686080932617,2535.681396484375,0.0001,35000,0.31027855387764874,0.2836404770050431,0.2472309744461276,0.6109851356847328,0.02304660121724991
69.75070489645005,2632.730712890625,0.0,0.0,3.8662023544311523,2628.864501953125,0.0001,36000,0.3408071068406228,0.27360427288864764,0.27746483767053803,0.6125134496639014,0.025932079068807033
71.67575627565384,3328.599365234375,0.0,0.0,3.9586875438690186,3324.640625,0.0001,37000,0.34982064150092373,0.2791273670812216,0.28325196704126954,0.5984655120111247,0.029015674356227938
73.58832870324453,1575.328125,0.0,0.0,3.717773675918579,1571.6103515625,0.0001,38000,0.3031664445616853,0.2843182641434538,0.24399671922538285,0.5926176730970812,0.037538322468456
75.50632652839025,1945.734130859375,0.0,0.0,3.7520241737365723,1941.9820556640625,0.0001,39000,0.33576521331997766,0.28183179865935454,0.27403831247171245,0.6131709385519006,0.0244072151243271
77.4239439368248,2499.95654296875,0.0,0.0,3.863898515701294,2496.092529296875,0.0001,40000,0.33694177013539556,0.2813059316165672,0.27216508187009525,0.6169551766655799,0.022327395117882783
79.33700525363287,2665.5244140625,0.0,0.0,4.196357250213623,2661.328125,0.0001,41000,0.33977433093877535,0.273274028436225,0.2727160535694104,0.599131287909704,0.03362845190863461
81.25799494981766,1870.87939453125,0.0,0.0,3.9455032348632812,1866.933837890625,0.0001,42000,0.34943237554532686,0.2806795968760617,0.28242122412674636,0.599430845254336,0.029046428617084962
83.17610428730647,3037.943359375,0.0,0.0,4.276850700378418,3033.66650390625,0.0001,43000,0.3604700902209201,0.28242176446084866,0.2933776147775865,0.6004473375057455,0.023870049339587807
85.09043816328048,3466.82177734375,0.0,0.0,4.176614284515381,3462.645263671875,0.0001,44000,0.2637086178025831,0.30133017355480873,0.2095496605693789,0.6094147635313527,0.02147838514871457
87.00467869440715,3021.760009765625,0.0,0.0,4.02839994430542,3017.731689453125,0.0001,45000,0.33118467441091204,0.2860564740061987,0.2668095058747851,0.6135627163023053,0.021711324082595906
88.92360028425853,3056.595947265625,0.0,0.0,4.030937671661377,3052.56494140625,0.0001,46000,0.3562764888933345,0.28461391939563113,0.28897900240907337,0.6040128918712897,0.02195954435214431
90.84099241097768,1989.3131103515625,0.0,0.0,3.805873394012451,1985.5072021484375,0.0001,47000,0.35258648338726983,0.2753615415134716,0.28607303529414735,0.5944801564895262,0.0260331123478863
92.76377555131913,4152.46923828125,0.0,0.0,4.331721305847168,4148.1376953125,0.0001,48000,0.32276277144818627,0.2933469479983576,0.25890333594209625,0.6106491640531388,0.018492584563361256
94.72491313616435,2879.904296875,0.0,0.0,3.986630916595459,2875.917724609375,3.981071705534972e-05,49000,0.32565783098505136,0.2872184453271452,0.26228180463958645,0.6134448863136637,0.02571996406491575
96.64257584015529,4006.742431640625,0.0,0.0,4.291706085205078,4002.45068359375,3.981071705534972e-05,50000,0.3359843649435494,0.2877759436747998,0.27278551493321423,0.609818892096071,0.02177454395199181
98.55908704598745,2792.50732421875,0.0,0.0,3.8491060733795166,2788.658203125,3.981071705534972e-05,51000,0.3563758474369209,0.28945593387762913,0.2915510626549621,0.6093778631630445,0.021565826619397925
100.47421652475992,2982.318603515625,0.0,0.0,3.8295223712921143,2978.489013671875,3.981071705534972e-05,52000,0.3467443113547102,0.29247047212927585,0.28161525855808855,0.6076302525273531,0.021266308586836064
102.38921192884445,3031.935546875,0.0,0.0,3.698138952255249,3028.2373046875,3.981071705534972e-05,53000,0.3111993923674276,0.2923425906583188,0.25185775697300117,0.6065621617417217,0.023782299545231873
104.304960445563,1798.1708984375,0.0,0.0,3.5162317752838135,1794.6546630859375,3.981071705534972e-05,54000,0.34837519351517204,0.2852146150728867,0.2857636896111474,0.6146648726181172,0.017668171435240815
106.21993478536606,2315.93701171875,0.0,0.0,3.699563980102539,2312.237548828125,3.981071705534972e-05,55000,0.3537392658473606,0.28672591319364965,0.29036355637568234,0.6148688781765654,0.017644388340110995
108.1433691183726,2096.889404296875,0.0,0.0,3.484360933303833,2093.405029296875,3.981071705534972e-05,56000,0.34896517443493713,0.2900826778025794,0.2866526972497299,0.6086442601359185,0.019527817686725717
110.05576575994492,2056.093017578125,0.0,0.0,3.9568262100219727,2052.13623046875,3.981071705534972e-05,57000,0.33603886710504477,0.2928135063442275,0.2737492078600163,0.5999237593337046,0.021855319575960357
111.96737382014592,3580.333251953125,0.0,0.0,4.337982177734375,3575.995361328125,3.981071705534972e-05,58000,0.35436568656260703,0.2891208724220949,0.2900298440617405,0.6076819134122733,0.0187002811719041
113.87885377804439,1790.8345947265625,0.0,0.0,3.6980679035186768,1787.136474609375,3.981071705534972e-05,59000,0.3593589526133338,0.2930533795606292,0.29406880109473543,0.6130885450474048,0.01638131943194647
115.78917594353358,2649.19677734375,0.0,0.0,3.683115005493164,2645.513671875,3.981071705534972e-05,60000,0.3430210048230791,0.30438241916854275,0.2787629116459311,0.6036117075527381,0.01863759952545684
117.70495835145314,3828.89208984375,0.0,0.0,4.354503631591797,3824.53759765625,3.981071705534972e-05,61000,0.3160257344188015,0.29209002714235066,0.25321427244657024,0.5991841306758938,0.023692478391366865
119.61968335707982,1416.2686767578125,0.0,0.0,3.686826705932617,1412.5819091796875,3.981071705534972e-05,62000,0.31163775618176903,0.303548301610876,0.25161073475646967,0.6079277875131976,0.019959364592705652
121.54044139782587,1744.5552978515625,0.0,0.0,3.3674826622009277,1741.1878662109375,3.981071705534972e-05,63000,0.34683963414744445,0.28476693521887547,0.2821446615479031,0.6043708983584191,0.019052830871593672
123.45179690917332,2073.808837890625,0.0,0.0,3.9163620471954346,2069.892578125,3.981071705534972e-05,64000,0.3335612152066028,0.29496456616686584,0.2707904489986567,0.5997348412913432,0.021842971063020175
125.3650317311287,1759.392333984375,0.0,0.0,3.7551238536834717,1755.63720703125,3.981071705534972e-05,65000,0.33480583189569474,0.29618762216097566,0.2715813087765041,0.6006067364742422,0.019152802939499166
127.29146821896235,1510.7431640625,0.0,0.0,3.8590502738952637,1506.8841552734375,3.981071705534972e-05,66000,0.34228109893834935,0.2926364967606745,0.27834166372700825,0.6105106909876985,0.01991703338281808
129.20904614925385,2238.87158203125,0.0,0.0,4.004054069519043,2234.867431640625,3.981071705534972e-05,67000,0.3341015008262382,0.3084755254823185,0.26982408347514836,0.603889674371951,0.01663821898929997
131.12355617682138,1704.5943603515625,0.0,0.0,3.3395724296569824,1701.2547607421875,3.981071705534972e-05,68000,0.3370159208272313,0.2999559010793399,0.2730401707714059,0.5996051125373494,0.018584592967092986
133.05163782437643,2952.603515625,0.0,0.0,4.250946521759033,2948.3525390625,3.981071705534972e-05,69000,0.3406072655236389,0.2964596476570042,0.27403552343119214,0.5972963845288022,0.019836839854216255
134.96812410354613,1196.3741455078125,0.0,0.0,3.345123291015625,1193.029052734375,3.981071705534972e-05,70000,0.3391674085275935,0.30108065846628485,0.2730681764699152,0.6057635071213846,0.017677326079165237
136.8766045331955,2067.10888671875,0.0,0.0,3.534553289413452,2063.57421875,3.981071705534972e-05,71000,0.34632464045907013,0.30558775925498627,0.28358959514074594,0.6045542850168243,0.01652940556281272
138.79703741470973,3033.281494140625,0.0,0.0,3.9080066680908203,3029.37353515625,3.981071705534972e-05,72000,0.346328163735281,0.29516665514756035,0.2830097341505817,0.6042973168675289,0.017480227789386037
140.7192848801613,2419.513671875,0.0,0.0,3.7149176597595215,2415.798828125,3.981071705534972e-05,73000,0.32741624441353456,0.30213367263806507,0.26647447790414486,0.6009327345291212,0.018742668326669928
142.62989513079324,3988.3193359375,0.0,0.0,4.339327335357666,3983.97998046875,3.981071705534972e-05,74000,0.32786596647879246,0.3116424890966678,0.2657518465359631,0.6060509968110367,0.016425258332580267
144.53830158313116,2311.3935546875,0.0,0.0,3.9412055015563965,2307.452392578125,3.981071705534972e-05,75000,0.32908689909740246,0.29509932357353136,0.2667609414945997,0.603493631185407,0.01684441450706763
146.45690785249073,3310.293701171875,0.0,0.0,4.259320259094238,3306.034423828125,3.981071705534972e-05,76000,0.32061939868011174,0.30266449083819336,0.25886049514384196,0.6006216820312904,0.01784175522937513
148.3741653720538,2383.846435546875,0.0,0.0,3.6989517211914062,2380.1474609375,3.981071705534972e-05,77000,0.3244778771075504,0.298688473191464,0.26114869358533593,0.6052891649981429,0.01860648712080626
150.29297350645066,3125.237548828125,0.0,0.0,4.24925422668457,3120.98828125,3.981071705534972e-05,78000,0.32173700319247217,0.29999280948121165,0.26017824211831353,0.5993440758451893,0.01867355196152632
152.21531267563503,2784.43896484375,0.0,0.0,4.0132365226745605,2780.42578125,3.981071705534972e-05,79000,0.32059057150067827,0.30161746717831034,0.261310455160593,0.595706411976251,0.01802287161346541
154.12649054527282,2074.57080078125,0.0,0.0,3.60068416595459,2070.97021484375,3.981071705534972e-05,80000,0.32795952569951825,0.3104171593154452,0.2675044748774744,0.5949738020086379,0.0169265849445818
156.04208616018295,2777.906982421875,0.0,0.0,3.5047311782836914,2774.40234375,3.981071705534972e-05,81000,0.3239044989734426,0.30077841767007335,0.2607659233323003,0.6040286870369979,0.01774978576496952
157.96324363152186,1982.90625,0.0,0.0,3.6082987785339355,1979.2979736328125,3.981071705534972e-05,82000,0.33184272582666147,0.31254653258896536,0.2706649694299337,0.5990373521252446,0.016800526945386314
159.87300990819932,1877.8358154296875,0.0,0.0,3.498051166534424,1874.3377685546875,3.981071705534972e-05,83000,0.33177395908602864,0.30686396895316626,0.2702850116664632,0.5933571590109133,0.01752905772416385
161.786332877477,1322.1807861328125,0.0,0.0,3.691847801208496,1318.4888916015625,3.981071705534972e-05,84000,0.35024412818934636,0.3016004413139705,0.2841465986023582,0.5989889651239186,0.020045588391877284
163.70970895290375,1919.3958740234375,0.0,0.0,3.672244071960449,1915.7236328125,3.981071705534972e-05,85000,0.3306748592888122,0.3001316742667215,0.27071674795778256,0.6070569380876871,0.016830657545816936
165.62889752388,1230.5804443359375,0.0,0.0,3.235470771789551,1227.344970703125,3.981071705534972e-05,86000,0.3385401301063073,0.2973628191800453,0.2753117033854442,0.5959168610549421,0.018474405400476145
167.54774462382,1390.67529296875,0.0,0.0,3.0421605110168457,1387.6331787109375,3.981071705534972e-05,87000,0.3452113663785265,0.2968112603585284,0.2814612636475087,0.5940590520559744,0.017505319984601128
169.46479206085206,1506.50146484375,0.0,0.0,3.598625659942627,1502.90283203125,3.981071705534972e-05,88000,0.33108280863202433,0.30881339361505517,0.26823842534611353,0.5939017821528312,0.018413649550394054
171.37958239316941,1186.5870361328125,0.0,0.0,3.6363234519958496,1182.95068359375,3.981071705534972e-05,89000,0.3245824273139567,0.3031491895308176,0.2635262082427572,0.6013462667383125,0.016903876910982416
173.2955128788948,2648.809326171875,0.0,0.0,3.8603763580322266,2644.948974609375,3.981071705534972e-05,90000,0.3336541210739462,0.29939641215148016,0.2712153543339224,0.58828483597536,0.019711489997222616
175.21672207514445,2793.922119140625,0.0,0.0,3.764570713043213,2790.157470703125,3.981071705534972e-05,91000,0.3199542107706049,0.30475506232750005,0.2587551815798778,0.6005463398982734,0.018633668381502086
177.13113872210184,2205.94873046875,0.0,0.0,3.314378499984741,2202.63427734375,3.981071705534972e-05,92000,0.32060242533343336,0.3130452107478813,0.25899469537046477,0.5954456924590829,0.017648008548145497
179.04777985811234,3593.948974609375,0.0,0.0,4.059384346008301,3589.8896484375,3.981071705534972e-05,93000,0.33628656052032674,0.30142471168340984,0.27431456032884577,0.5984022039950466,0.0186472245642978
180.9680471420288,2223.54150390625,0.0,0.0,3.5684945583343506,2219.972900390625,3.981071705534972e-05,94000,0.3434039643659574,0.3070398831982647,0.280399909727017,0.6014954732588116,0.017103190835252472
182.88213493426642,1387.0462646484375,0.0,0.0,3.4691028594970703,1383.5771484375,3.981071705534972e-05,95000,0.35191015702117207,0.29066071683869377,0.28861441838907215,0.6035493651295963,0.017924790047609135
184.80275148153305,2876.90283203125,0.0,0.0,4.045530319213867,2872.857421875,3.981071705534972e-05,96000,0.34911345066969857,0.3099561136714667,0.2853910111125924,0.5973380764483017,0.01697692588904295
186.71128080685932,2736.0546875,0.0,0.0,3.970608949661255,2732.083984375,1.584893192461113e-05,97000,0.33865297851066056,0.3012814554332349,0.2763584809854239,0.5982526824522515,0.017722824197568023
188.62285414536794,1536.6510009765625,0.0,0.0,3.854696273803711,1532.7962646484375,1.584893192461113e-05,98000,0.32739885169020516,0.30765622068618326,0.2665004062371272,0.6001268958807258,0.017767273265561705
190.5256401538849,3017.18408203125,0.0,0.0,4.252937316894531,3012.93115234375,1.584893192461113e-05,99000,0.3379344918443907,0.315078469642482,0.27677752604211847,0.5993577778490102,0.015461607771093898
192.4312988559405,2459.575927734375,0.0,0.0,3.611103057861328,2455.96484375,1.584893192461113e-05,100000,0.33132702298198935,0.3161679946915779,0.27035892120948046,0.590723985250581,0.01653007524268168
194.34940517346064,1511.5767822265625,0.0,0.0,3.2487306594848633,1508.3280029296875,1.584893192461113e-05,101000,0.3286992270363107,0.31120751358446713,0.2667984034655059,0.5953217173266336,0.01789552762472887
196.26078986326854,2627.805908203125,0.0,0.0,3.4565744400024414,2624.349365234375,1.584893192461113e-05,102000,0.3309544217985741,0.30709067960870795,0.27019744157193876,0.5940655657131139,0.01837491433500102
198.16534603039423,2696.113525390625,0.0,0.0,3.799093246459961,2692.314453125,1.584893192461113e-05,103000,0.34544569686457943,0.30834700315396557,0.28266717873775776,0.5911643130214274,0.0172312936336232
200.08040048678717,2505.119873046875,0.0,0.0,3.4365954399108887,2501.683349609375,1.584893192461113e-05,104000,0.3339595935776205,0.3146416148501281,0.2718404335370932,0.5913731384347976,0.015364132192067273
201.9954294761022,2468.40771484375,0.0,0.0,3.496927261352539,2464.910888671875,1.584893192461113e-05,105000,0.3401230586019387,0.3140738246388272,0.2776508841420787,0.5926796146176299,0.01690553837780931
203.90384135246276,1960.8687744140625,0.0,0.0,3.6218602657318115,1957.2469482421875,1.584893192461113e-05,106000,0.3404033132476763,0.3120245689722217,0.27832373154836837,0.5920216812181881,0.016642403324751247
205.80547918876013,1535.465087890625,0.0,0.0,3.662374496459961,1531.802734375,1.584893192461113e-05,107000,0.32532190073488665,0.31607932598764227,0.2644040441181111,0.5934097841767254,0.016351158473000716
207.72500888109207,2080.27685546875,0.0,0.0,3.4592883586883545,2076.817626953125,1.584893192461113e-05,108000,0.33565691118004926,0.3164135987207189,0.2738734767584019,0.5925937875745724,0.015568056576741589
209.63673106034597,1988.3638916015625,0.0,0.0,3.453796863555908,1984.9100341796875,1.584893192461113e-05,109000,0.32877036732206244,0.3199752443353548,0.2684031658573875,0.5951425779613777,0.015295596928211308
211.54577559630076,1647.110595703125,0.0,0.0,3.510735511779785,1643.599853515625,1.584893192461113e-05,110000,0.33567162006157625,0.3137532415650584,0.2736190094751577,0.5922953238946815,0.016465695853395856
213.44867641528447,1721.651123046875,0.0,0.0,3.3723583221435547,1718.27880859375,1.584893192461113e-05,111000,0.33619741710201545,0.3175570799700482,0.27445190057557,0.5933886118898094,0.015418546232240374
215.36216902335485,2856.760986328125,0.0,0.0,3.5861082077026367,2853.1748046875,1.584893192461113e-05,112000,0.34359394315943026,0.3107955484978558,0.2811687959562412,0.5932249296033963,0.016365563311328227
217.27425384918848,1558.5472412109375,0.0,0.0,3.94974946975708,1554.5975341796875,1.584893192461113e-05,113000,0.32987826622078853,0.31390643577710925,0.2679309890029802,0.5974723581288115,0.016264888510933707
219.1899792512258,2644.224609375,0.0,0.0,3.728381633758545,2640.496337890625,1.584893192461113e-05,114000,0.3279860016217019,0.3146571363584207,0.2664665100018111,0.5925097677553773,0.016692597837692263
221.09963543017705,1440.667724609375,0.0,0.0,3.5256612300872803,1437.14208984375,1.584893192461113e-05,115000,0.3319129391844797,0.30909909292895543,0.26965870476636933,0.5922356188081972,0.016155735592301913
222.99727933009464,2036.780029296875,0.0,0.0,3.883251190185547,2032.896728515625,1.584893192461113e-05,116000,0.32860573417350275,0.3200371535097468,0.26826282387279476,0.5891414269741592,0.01720889875448686
224.90851023594539,2260.00634765625,0.0,0.0,3.502272129058838,2256.504150390625,1.584893192461113e-05,117000,0.3478506774515627,0.3149220507156703,0.28358162594704756,0.5909120318122487,0.017133295320566313
226.82554893493653,2561.49072265625,0.0,0.0,3.2357938289642334,2558.2548828125,1.584893192461113e-05,118000,0.330293822025891,0.32001396600421195,0.26867502571064317,0.5901796933823933,0.016266727315036957
228.7451649904251,1592.752197265625,0.0,0.0,3.176149368286133,1589.5760498046875,1.584893192461113e-05,119000,0.3323382487521617,0.31270919719909507,0.27038102509977335,0.5941124569324322,0.016922671295124994
230.66772826115292,1157.3233642578125,0.0,0.0,3.1495227813720703,1154.173828125,1.584893192461113e-05,120000,0.3234173608170949,0.31233657390191827,0.26271529195876014,0.591290845527255,0.017100084948576486
232.58222499291102,1628.8101806640625,0.0,0.0,3.2902650833129883,1625.5198974609375,1.584893192461113e-05,121000,0.3336146912390749,0.3166295386125304,0.2708922175177058,0.5876619203171655,0.017008410845248543
234.4945869922638,1295.8609619140625,0.0,0.0,3.908801555633545,1291.9521484375,1.584893192461113e-05,122000,0.33232106337744777,0.31724396009916733,0.27031980522955557,0.5953819429623695,0.016355111779354427
236.4039212624232,1264.59814453125,0.0,0.0,3.3958590030670166,1261.2022705078125,1.584893192461113e-05,123000,0.3413052394977824,0.3127675608350175,0.27883422867126995,0.5927183322899918,0.015950441125394125
238.33161333401998,1365.246337890625,0.0,0.0,3.0953562259674072,1362.1510009765625,1.584893192461113e-05,124000,0.33647089702728294,0.3227812151301546,0.27486829874283714,0.5894851221614528,0.015398614805404259
240.257508567969,2581.03125,0.0,0.0,3.329960346221924,2577.701171875,1.584893192461113e-05,125000,0.3348799056158162,0.3196974011195563,0.27251742716367355,0.5933161064629072,0.015674548729215254
242.16777840455373,2951.357666015625,0.0,0.0,3.777010440826416,2947.58056640625,1.584893192461113e-05,126000,0.33547181597132125,0.3165974591470944,0.2736131947523106,0.5884140575488138,0.015835866947819927
244.0708636045456,1453.1055908203125,0.0,0.0,2.8470444679260254,1450.258544921875,1.584893192461113e-05,127000,0.3264466861376861,0.31588567111574056,0.2642503652623397,0.5873291376707477,0.016986107446884266
245.9891987403234,2283.144775390625,0.0,0.0,3.716722011566162,2279.427978515625,1.584893192461113e-05,128000,0.3363212739577013,0.3106123338063846,0.273790364388547,0.5946869274462454,0.016524727460594146
247.9021918495496,1933.1475830078125,0.0,0.0,3.782437801361084,1929.3651123046875,1.584893192461113e-05,129000,0.3264202979695462,0.3162212445469236,0.2659690095850276,0.5887627091297871,0.016145978495107714
249.81337472597758,2727.1064453125,0.0,0.0,3.682453155517578,2723.424072265625,1.584893192461113e-05,130000,0.31884340414310036,0.3151519384693823,0.2580479896709397,0.5898267375765381,0.01721260002672876
251.72977684736253,1801.1236572265625,0.0,0.0,3.537851333618164,1797.5858154296875,1.584893192461113e-05,131000,0.3298646643828261,0.3089362297792196,0.2684199043820774,0.5948187838939817,0.016600058947957828
253.6429321805636,1383.5147705078125,0.0,0.0,3.3129639625549316,1380.2017822265625,1.584893192461113e-05,132000,0.32850410815837117,0.31320498952740433,0.26774586924012145,0.5910806534845131,0.01728673031211419
255.5574552734693,2108.948974609375,0.0,0.0,3.2100658416748047,2105.739013671875,1.584893192461113e-05,133000,0.33192755127215334,0.31322437921213797,0.2699305135963784,0.5898381903406978,0.016523091696085696
257.46993583043417,2231.5380859375,0.0,0.0,3.890353202819824,2227.647705078125,1.584893192461113e-05,134000,0.3321456032844295,0.3076748706789797,0.2703500853355598,0.5910072766300604,0.017345020474260415
259.38275076150893,1757.602783203125,0.0,0.0,3.7824559211730957,1753.8203125,1.584893192461113e-05,135000,0.3324732776407245,0.3163916196747218,0.2706326758844438,0.5900479617508144,0.015742035972489403
261.29365420738856,2217.86181640625,0.0,0.0,3.6706771850585938,2214.191162109375,1.584893192461113e-05,136000,0.33514972100901197,0.322983075762427,0.27269602296625317,0.5836853657307189,0.015584048544835288
263.20398601690925,2236.392822265625,0.0,0.0,3.566810369491577,2232.825927734375,1.584893192461113e-05,137000,0.34402908908352514,0.31340189427529547,0.2815095840599062,0.5901269780952748,0.01606114112857154
265.11610092719394,3125.025634765625,0.0,0.0,3.825453042984009,3121.2001953125,1.584893192461113e-05,138000,0.32351032362849186,0.32069459189141064,0.26363339313040157,0.5904852355996641,0.015000930454266141
267.0323371132215,1224.9407958984375,0.0,0.0,3.262939929962158,1221.6778564453125,1.584893192461113e-05,139000,0.3381681699394427,0.31423281570348427,0.27522394984718773,0.5943548859014075,0.015861608574523615
268.94044786691666,1509.426025390625,0.0,0.0,3.2247438430786133,1506.2012939453125,1.584893192461113e-05,140000,0.33405423218850355,0.31532324544518886,0.27157952558450615,0.5934267134985602,0.016005069980005233
270.85262409448626,1473.3946533203125,0.0,0.0,3.0462186336517334,1470.348388671875,1.584893192461113e-05,141000,0.32663379897184674,0.32275491187382915,0.26662552926403366,0.5931840584959489,0.015824280913984166
272.7661752661069,1932.605224609375,0.0,0.0,3.521555185317993,1929.0836181640625,1.584893192461113e-05,142000,0.32717303440792606,0.31396650311821783,0.2662566842274273,0.5915590535072751,0.01659719671631616
274.67907457351686,2750.882568359375,0.0,0.0,3.3267645835876465,2747.555908203125,1.584893192461113e-05,143000,0.34082321934688226,0.31091079793158466,0.2779329048106222,0.5940221608772664,0.017190969467955855
276.59816645383836,1290.505859375,0.0,0.0,3.30682373046875,1287.198974609375,1.584893192461113e-05,144000,0.3349996720437462,0.3186698210260487,0.2741712220260747,0.5843998005127506,0.016178809255519854
278.5099007487297,2035.5618896484375,0.0,0.0,3.7692747116088867,2031.7926025390625,6.3095734448019305e-06,145000,0.33040015918279514,0.3200383943341127,0.26939795974565134,0.5870077159717403,0.01567745436483184
280.4205329577128,1680.8892822265625,0.0,0.0,3.446394681930542,1677.44287109375,6.3095734448019305e-06,146000,0.3347264261937232,0.317607504432656,0.2735383889387652,0.5865722803116807,0.01588462273483606
282.334749007225,2757.26611328125,0.0,0.0,3.7196664810180664,2753.54638671875,6.3095734448019305e-06,147000,0.33072000278789154,0.32175351613536823,0.26980517776409735,0.5860643913623583,0.015568381637584594
284.250661055247,2348.537841796875,0.0,0.0,3.32069730758667,2345.217041015625,6.3095734448019305e-06,148000,0.3244956851412156,0.31791406470695716,0.26430467190225826,0.5866442400243396,0.01560358375957111
286.16635171969733,2040.6085205078125,0.0,0.0,3.661619186401367,2036.9468994140625,6.3095734448019305e-06,149000,0.3335632400267628,0.3237417320065046,0.2729907337426991,0.5874116990530572,0.01569530856723324
288.07852340539296,1831.638916015625,0.0,0.0,3.4492526054382324,1828.189697265625,6.3095734448019305e-06,150000,0.33565346401735124,0.3178325232496081,0.2742533103524145,0.5874865526208307,0.015341956601626527
289.9956218123436,2120.750732421875,0.0,0.0,3.614008903503418,2117.13671875,6.3095734448019305e-06,151000,0.3353274067054567,0.31783933503584294,0.2733572377419455,0.5870899476956859,0.01579141115153321
291.9080619732539,1375.0731201171875,0.0,0.0,3.467074155807495,1371.6060791015625,6.3095734448019305e-06,152000,0.3367216156645685,0.3222557083192927,0.27541543721469663,0.5886372269286827,0.015360324212697328
293.8169681549072,2701.775146484375,0.0,0.0,3.5760016441345215,2698.19921875,6.3095734448019305e-06,153000,0.3324272843923964,0.31726163316658595,0.2717524194013468,0.5887626092115309,0.01588023622109105
295.7348847548167,1126.34326171875,0.0,0.0,2.870394229888916,1123.472900390625,6.3095734448019305e-06,154000,0.3294025640869289,0.31766863455653044,0.2687361166485074,0.5898909526751743,0.015652649920291
297.64166710774106,1815.257080078125,0.0,0.0,3.427561044692993,1811.8294677734375,6.3095734448019305e-06,155000,0.33437894286052217,0.31912241489070836,0.27211313008368715,0.5855291029425234,0.016132977165668343
299.5472250739733,1409.990478515625,0.0,0.0,3.135056734085083,1406.85546875,6.3095734448019305e-06,156000,0.33683866430337867,0.32005028624622855,0.2746505224772102,0.5851362985991678,0.016049144456532622
301.45953988631567,2014.84716796875,0.0,0.0,3.93631911277771,2010.910888671875,6.3095734448019305e-06,157000,0.3287794428816075,0.3275419724923742,0.26794198889793047,0.581973059705348,0.015171243587511544
303.3721663753192,2180.78125,0.0,0.0,3.4053425788879395,2177.3759765625,6.3095734448019305e-06,158000,0.3259725613849544,0.31835089502770975,0.26528855524385697,0.5897970725011057,0.01544620940027227
305.2852016210556,1820.1767578125,0.0,0.0,3.7672152519226074,1816.4095458984375,6.3095734448019305e-06,159000,0.331418048982302,0.32353715627404567,0.27015567160026743,0.5870529604883818,0.014802176846833586
307.19377013047534,2711.3828125,0.0,0.0,3.8853511810302734,2707.49755859375,6.3095734448019305e-06,160000,0.335421822575551,0.3202418546731509,0.27416381422621505,0.5852418498205935,0.01608581112046893
309.1039833029111,2112.63720703125,0.0,0.0,3.6889944076538086,2108.9482421875,6.3095734448019305e-06,161000,0.3267375127917886,0.3215305810142931,0.26587907675204225,0.5858520269519689,0.0157321098146269
311.01228422721226,2109.900634765625,0.0,0.0,2.938283920288086,2106.96240234375,6.3095734448019305e-06,162000,0.32734666390437117,0.317933698322095,0.2672141417285086,0.5873986520092516,0.016055347313196713
312.9256465951602,1572.3497314453125,0.0,0.0,3.3802669048309326,1568.969482421875,6.3095734448019305e-06,163000,0.33576006065498365,0.31834985245414477,0.2735654470094643,0.5839920032696602,0.016087734024259448
314.8306930700938,3303.535400390625,0.0,0.0,3.6297085285186768,3299.90576171875,6.3095734448019305e-06,164000,0.33158185688574576,0.3232025345137673,0.270383836273928,0.5857250425217871,0.015621349511247986
316.74044161637624,1921.861083984375,0.0,0.0,3.4804911613464355,1918.380615234375,6.3095734448019305e-06,165000,0.331492570744969,0.3215006171838004,0.2704665840213276,0.5852821651924848,0.015615693802485729
318.6538680831591,2121.88330078125,0.0,0.0,3.894205331802368,2117.989013671875,6.3095734448019305e-06,166000,0.33187612390560045,0.32256841824893334,0.27081587097841525,0.5868057533807723,0.01611004558887671
320.569668896993,2026.3548583984375,0.0,0.0,2.803023338317871,2023.5518798828125,6.3095734448019305e-06,167000,0.3337818462789117,0.32499283233974785,0.27216388723802687,0.5835295674327188,0.015250301169398826
322.48543462355934,1957.0296630859375,0.0,0.0,3.4019312858581543,1953.627685546875,6.3095734448019305e-06,168000,0.33577520270343403,0.3186710214923399,0.27443743085695804,0.5870628310391633,0.0159384197724381
324.39867592255274,1301.1614990234375,0.0,0.0,3.5255088806152344,1297.635986328125,6.3095734448019305e-06,169000,0.3322525567694906,0.31758027460833915,0.2712311484495108,0.5883372053286113,0.016101383901821174
326.3115972995758,1952.336669921875,0.0,0.0,3.6367623805999756,1948.699951171875,6.3095734448019305e-06,170000,0.33290124537842775,0.321911132069722,0.2711496076855572,0.5856209332154211,0.015486102934653497
328.2172722776731,2008.56689453125,0.0,0.0,3.648434638977051,2004.91845703125,6.3095734448019305e-06,171000,0.3290536121082565,0.32190125566511185,0.2683314730689458,0.5843080584315453,0.016079922275407086
330.12934440374374,2650.837646484375,0.0,0.0,3.4045021533966064,2647.43310546875,6.3095734448019305e-06,172000,0.3334498382770205,0.3208086195513275,0.2712475671320842,0.587129834593138,0.015673069137774037
332.04355631669364,2071.48779296875,0.0,0.0,3.550084114074707,2067.937744140625,6.3095734448019305e-06,173000,0.3321238233218806,0.3261611117186525,0.27075742421965654,0.5811931228160053,0.014924343157135502
333.956774242719,1672.4840087890625,0.0,0.0,3.3662073612213135,1669.1177978515625,6.3095734448019305e-06,174000,0.3280492991120381,0.3221504978633117,0.2673561611574169,0.5807474984736871,0.016013128492678972
335.8643301407496,1128.66748046875,0.0,0.0,3.356971263885498,1125.310546875,6.3095734448019305e-06,175000,0.3292255579573571,0.3263281972903115,0.26849325497532833,0.5842854427917465,0.016037940199757243
337.7738682349523,2872.968505859375,0.0,0.0,3.2826976776123047,2869.685791015625,6.3095734448019305e-06,176000,0.335290764228752,0.3224630531368617,0.2737432231431205,0.5810053133253943,0.01598639879282237
339.679043896993,2924.4853515625,0.0,0.0,3.172839641571045,2921.3125,6.3095734448019305e-06,177000,0.3292064162867971,0.32659521945985864,0.26779089851386373,0.58079919457372,0.01510140455801183
341.5944035689036,1802.9969482421875,0.0,0.0,3.634005069732666,1799.3629150390625,6.3095734448019305e-06,178000,0.3313596120089672,0.31973323279650834,0.2702878978957789,0.5815859200960197,0.01545920354020394
343.5112846414248,1107.3543701171875,0.0,0.0,3.015165328979492,1104.3392333984375,6.3095734448019305e-06,179000,0.32742782124231784,0.32174777719865383,0.2669773484162363,0.5845625456948422,0.015461535414364128
345.42273124456403,2361.392578125,0.0,0.0,3.552015542984009,2357.840576171875,6.3095734448019305e-06,180000,0.33100964418662,0.32031462235165464,0.269898612255001,0.5848172221270016,0.01597943147061156
347.3321249047915,2841.891845703125,0.0,0.0,3.726834297180176,2838.1650390625,6.3095734448019305e-06,181000,0.33102659838164955,0.31817290159364614,0.27001573230999343,0.5831213899776309,0.017267988717800418
349.2412357608477,2096.98876953125,0.0,0.0,4.035036563873291,2092.95361328125,6.3095734448019305e-06,182000,0.3384055191715117,0.324147200974615,0.2762098198173982,0.5828406207996805,0.0151611334550492
351.14900733232497,1479.840087890625,0.0,0.0,3.141831398010254,1476.6982421875,6.3095734448019305e-06,183000,0.3325915854532131,0.3217276091095656,0.27177464777861915,0.5833351195256636,0.015740099975698953
353.05431270599365,1980.7857666015625,0.0,0.0,3.6166296005249023,1977.169189453125,6.3095734448019305e-06,184000,0.32778663115876944,0.3224950418300725,0.26703154189234274,0.5857983687735135,0.01661513282502305
354.96682777404783,1949.920654296875,0.0,0.0,3.296278476715088,1946.6243896484375,6.3095734448019305e-06,185000,0.32755719192468374,0.32565077629388584,0.2675199314214199,0.5794241112160684,0.014965327694958704
356.8784965833028,2165.6328125,0.0,0.0,3.5954761505126953,2162.037353515625,6.3095734448019305e-06,186000,0.3334691128052672,0.32051961123179307,0.27170791002902506,0.5862682688026637,0.015491948593968042
358.78492811520897,860.0748291015625,0.0,0.0,3.445190668106079,856.629638671875,6.3095734448019305e-06,187000,0.32972698457888805,0.3177826613481737,0.2691432251037088,0.5839900961841301,0.015310987206612846
360.6996478319168,2237.651123046875,0.0,0.0,4.203434467315674,2233.44775390625,6.3095734448019305e-06,188000,0.33462319141104985,0.3216350182881802,0.27291244856791996,0.5798719113823806,0.015518290515804133
362.61380565166473,1389.176513671875,0.0,0.0,3.7952136993408203,1385.38134765625,6.3095734448019305e-06,189000,0.3294575291560958,0.3233492097951056,0.26827601365064363,0.578434989016939,0.015435213291617105
364.52687013546625,1498.571044921875,0.0,0.0,3.193115472793579,1495.3779296875,6.3095734448019305e-06,190000,0.3275696262618576,0.3157699410229321,0.2665059096795376,0.5863221748218588,0.017229233953760206
366.4451880335808,2459.017333984375,0.0,0.0,3.569650411605835,2455.44775390625,6.3095734448019305e-06,191000,0.3278407199402754,0.32333482650255996,0.26757672354116546,0.5862338647700047,0.015199310533047924
368.36459665298463,787.8103637695312,0.0,0.0,3.0105600357055664,784.7998046875,6.3095734448019305e-06,192000,0.32752679401670143,0.3217791714298648,0.26652999343273126,0.5854547432021097,0.015247805179089165
370.2840712388357,1711.9962158203125,0.0,0.0,3.8157665729522705,1708.180419921875,2.511886431509579e-06,193000,0.32719733372416837,0.3269454622472415,0.266980164445772,0.5812110757733038,0.015106667351336076
372.2083243370056,2756.55615234375,0.0,0.0,3.722615957260132,2752.83349609375,2.511886431509579e-06,194000,0.330647161328118,0.32140793881435736,0.2694488988020389,0.5854757846790906,0.015674598776369474
374.12815070549647,1187.069091796875,0.0,0.0,3.2464494705200195,1183.8226318359375,2.511886431509579e-06,195000,0.3310057787785825,0.32392191349272786,0.26982063831763337,0.5816275993051806,0.015699107802026564
376.0399359067281,3022.425048828125,0.0,0.0,3.8522565364837646,3018.57275390625,2.511886431509579e-06,196000,0.3284164771546108,0.3237485575107079,0.2676167233110239,0.5836596884917704,0.015503436933692504
377.9536697268486,1793.68603515625,0.0,0.0,3.37652850151062,1790.3094482421875,2.511886431509579e-06,197000,0.32958602169531465,0.32167969589548706,0.268486661346574,0.58419338120742,0.01540881603579114
379.8685316205025,2499.6826171875,0.0,0.0,3.5899765491485596,2496.092529296875,2.511886431509579e-06,198000,0.3303644755413467,0.3228003983086013,0.2692501799732823,0.583040695516902,0.015142500780338708
381.7935253461202,1614.8896484375,0.0,0.0,3.592508316040039,1611.297119140625,2.511886431509579e-06,199000,0.3329012054599729,0.3228242278769732,0.2717168409417934,0.5837704426051816,0.015138496311364052
383.70839318831764,2270.640380859375,0.0,0.0,3.389798879623413,2267.25048828125,2.511886431509579e-06,200000,0.3276651477138696,0.3240871863655607,0.2668808817424434,0.5788611596465886,0.015643623800166942
385.6289385914803,1785.6455078125,0.0,0.0,3.380300521850586,1782.2652587890625,2.511886431509579e-06,201000,0.33026455260252646,0.3256993665493638,0.26957852676614624,0.583676322159676,0.016114510039970824
387.5378147363663,2195.74951171875,0.0,0.0,3.600127935409546,2192.1494140625,2.511886431509579e-06,202000,0.33051476448246464,0.3267425392623174,0.2699740731138341,0.5833341029880136,0.014897823954178992
389.44747726519904,1358.810546875,0.0,0.0,3.1325862407684326,1355.677978515625,2.511886431509579e-06,203000,0.3283526456063837,0.3228349853053854,0.2678600385929045,0.5820328663383094,0.0153648256434134
391.3634206930796,2187.39111328125,0.0,0.0,3.3628551959991455,2184.0283203125,2.511886431509579e-06,204000,0.33055706093660014,0.32201361509363435,0.26960119936776017,0.5833831546037017,0.015859427093363198
393.27378749052684,1764.003173828125,0.0,0.0,3.4130330085754395,1760.590087890625,2.511886431509579e-06,205000,0.3321226872149199,0.32238374927842556,0.2708776914733916,0.5795624591218496,0.015358270002485274
395.1940820336342,1927.653076171875,0.0,0.0,3.605905532836914,1924.047119140625,2.511886431509579e-06,206000,0.3285195260961516,0.324444026175667,0.2679754576195133,0.5832424992449974,0.014894237586568593
397.1111558238665,1696.7113037109375,0.0,0.0,3.2597579956054688,1693.4515380859375,2.511886431509579e-06,207000,0.33080735963443614,0.3236104363487441,0.2697756172232647,0.5827895089539598,0.014977975778050493
399.02502233982085,2478.666748046875,0.0,0.0,3.321416139602661,2475.34521484375,2.511886431509579e-06,208000,0.3327633535670404,0.32269745180751735,0.27127594903579966,0.5828513944913141,0.0150175215643132
400.94194786548616,2161.590576171875,0.0,0.0,3.517437696456909,2158.0732421875,2.511886431509579e-06,209000,0.3304964379142153,0.3221680157768174,0.26975934758845665,0.5835627288010282,0.015379799042022996
402.86021561225255,2019.70947265625,0.0,0.0,3.4822709560394287,2016.2271728515625,2.511886431509579e-06,210000,0.32915417780395195,0.3241357534438063,0.2682675003473429,0.5845856963609252,0.01505967073854689
404.7728649616241,2076.591552734375,0.0,0.0,3.468893527984619,2073.12255859375,2.511886431509579e-06,211000,0.3270391684808271,0.3273426176714658,0.26615374249582274,0.5811540609179792,0.015558472346581987
406.68527961174647,2556.20703125,0.0,0.0,3.4973809719085693,2552.709716796875,2.511886431509579e-06,212000,0.3305231677327045,0.3219373503189005,0.26948993060618137,0.5815247852996095,0.015359463366946557
408.6016161561012,2008.7703857421875,0.0,0.0,3.5140700340270996,2005.25634765625,2.511886431509579e-06,213000,0.3299813680120732,0.3235754328880932,0.2688626324639558,0.582060549260444,0.015288513996780299
410.51890166600543,1367.4818115234375,0.0,0.0,3.4426913261413574,1364.0390625,2.511886431509579e-06,214000,0.3324250583855804,0.323258602166969,0.2712827772550544,0.5785763763038111,0.015954079457090636
412.43202968438464,2111.679443359375,0.0,0.0,3.3157856464385986,2108.36376953125,2.511886431509579e-06,215000,0.33154795206095655,0.3240711026749524,0.2705759647435518,0.5830860410481163,0.014760156490826466
414.3541473110517,1192.8837890625,0.0,0.0,3.403027057647705,1189.480712890625,2.511886431509579e-06,216000,0.33117074167825716,0.3232154913213013,0.2697576774686584,0.5841538518197237,0.01541065860515317
416.27637955745064,1943.6551513671875,0.0,0.0,3.2983193397521973,1940.3568115234375,2.511886431509579e-06,217000,0.33073329215702973,0.32584980672238933,0.2697297615445825,0.5827961025394455,0.014743838216514515
418.18918962478637,4430.4013671875,0.0,0.0,4.298812389373779,4426.1025390625,2.511886431509579e-06,218000,0.3279765731595774,0.32276250630151226,0.2673292337625952,0.5797671254379114,0.015422804994049855
420.1038072745005,2120.3701171875,0.0,0.0,3.827378034591675,2116.542724609375,2.511886431509579e-06,219000,0.33133972750880003,0.3212392905519662,0.2699998138380966,0.57941508528162,0.015320174751066819
422.02340973615645,1352.45458984375,0.0,0.0,3.399898052215576,1349.0546875,2.511886431509579e-06,220000,0.3275980069979515,0.3230621966081236,0.26715634802065336,0.5795668285286097,0.015043784645705263
423.9509802142779,1357.5164794921875,0.0,0.0,3.4222350120544434,1354.09423828125,2.511886431509579e-06,221000,0.3279997035716232,0.3250936969703678,0.26715282938612694,0.5807482559936586,0.01575812446056732
425.86336570183437,1689.9586181640625,0.0,0.0,3.3559834957122803,1686.6026611328125,2.511886431509579e-06,222000,0.3301771709139355,0.3248883056175023,0.2694409210379702,0.5794253636873007,0.015657911258759594
427.7782722711563,3079.140869140625,0.0,0.0,3.7726829051971436,3075.3681640625,2.511886431509579e-06,223000,0.33275741596123504,0.3231312951206475,0.27140001831117916,0.585167057045858,0.015120147739272921
429.70046158234277,1631.6470947265625,0.0,0.0,3.3285865783691406,1628.3184814453125,2.511886431509579e-06,224000,0.33134393590513717,0.3230869699712006,0.27058546983817944,0.5820114521556787,0.01598363376484938
431.61254176696144,1855.2725830078125,0.0,0.0,3.5706863403320312,1851.701904296875,2.511886431509579e-06,225000,0.331586416297378,0.325619496494727,0.27072037502830854,0.5831607634040311,0.015040704270256177
433.5274009744326,1154.1844482421875,0.0,0.0,3.096724033355713,1151.0877685546875,2.511886431509579e-06,226000,0.3308115925245989,0.3258021783028735,0.27002637399063084,0.5820287105751002,0.014994653736154596
435.44677230517067,1411.7977294921875,0.0,0.0,3.5059869289398193,1408.291748046875,2.511886431509579e-06,227000,0.32731541934116476,0.3310598312592971,0.26664219556513935,0.5812664864548602,0.014771681505816625
437.3600321253141,2335.012451171875,0.0,0.0,3.524350166320801,2331.488037109375,2.511886431509579e-06,228000,0.33236671105020943,0.3254769720880799,0.27139003621114277,0.5833301325169913,0.015274088844731186
439.2789602279663,1205.8359375,0.0,0.0,3.462725877761841,1202.3731689453125,2.511886431509579e-06,229000,0.32994681339088133,0.3240997713640691,0.26948786457503654,0.5824445173383042,0.01558831968226376
441.2158136169116,2838.380126953125,0.0,0.0,4.562000274658203,2833.818115234375,2.511886431509579e-06,230000,0.32809341721350516,0.32738694571242744,0.26763956933567656,0.5788997928361894,0.015059518470708444
443.138855556647,2612.359375,0.0,0.0,3.899925470352173,2608.45947265625,2.511886431509579e-06,231000,0.32746341604747714,0.3249088100556571,0.2670306876606273,0.5806330498804301,0.01525763304219601
445.05999131202697,975.220458984375,0.0,0.0,3.052445888519287,972.1680297851562,2.511886431509579e-06,232000,0.32990076421254094,0.3244413706608202,0.26907493282480477,0.581201714259002,0.014972170307197595
446.9799676338832,1660.7904052734375,0.0,0.0,3.1321864128112793,1657.658203125,2.511886431509579e-06,233000,0.3258586196249093,0.3302500753039517,0.26568211744092846,0.5787759648884717,0.014928072506695464
448.90278888543446,2315.049072265625,0.0,0.0,3.5468008518218994,2311.502197265625,2.511886431509579e-06,234000,0.32989723982791275,0.3264145010555111,0.26945975015275114,0.5791613679231354,0.015516363257924326
450.8177308678627,2135.47119140625,0.0,0.0,3.3146462440490723,2132.156494140625,2.511886431509579e-06,235000,0.33071741696283025,0.3246247269886771,0.2698720823757646,0.5784049912229845,0.015527841614764787
452.7373193860054,2414.953369140625,0.0,0.0,4.109518527984619,2410.84375,2.511886431509579e-06,236000,0.3350030798326992,0.3251271499468881,0.2738032558037188,0.5794859609389466,0.015539796734894045
454.65271759033203,1964.1064453125,0.0,0.0,3.3669724464416504,1960.739501953125,2.511886431509579e-06,237000,0.32755785078769534,0.323249876074643,0.2673794659586171,0.5786695510807424,0.015819312738545793
456.5693848848343,1891.1546630859375,0.0,0.0,3.3860390186309814,1887.7686767578125,2.511886431509579e-06,238000,0.3246058727537923,0.32555890150483013,0.2641042251913476,0.5827341681693323,0.015560782945798303
458.48535736401874,2326.00146484375,0.0,0.0,3.736084461212158,2322.265380859375,2.511886431509579e-06,239000,0.33119087593032837,0.3257991313084308,0.270525388436806,0.5815290254190926,0.015396383730871347
460.4038350701332,846.640380859375,0.0,0.0,3.1905159950256348,843.4498901367188,2.511886431509579e-06,240000,0.32912476688954917,0.32642140864689306,0.2683917465622938,0.5789243135273313,0.014774457257039722
